{
  "balance": 50.0,
  "buying_price": 90245.61,
  "executed_qty": 0.010526827842373718,
  "holding_assets": true,
  "last_save": "2025-12-14T08:03:48.503223"
}