{
  "balance": 0,
  "buying_price": 90228.53,
  "executed_qty": 0.011082968989963596,
  "holding_assets": true,
  "last_save": "2025-12-14T07:53:15.021778"
}