{
  "balance": 1000.0,
  "position": 0,
  "buying_price": null,
  "last_prediction": 89548.21875,
  "last_save": "2025-12-14T07:30:44.054662"
}