{
  "ml": 0.25094669698065014,
  "news": 0.12184285714285711,
  "wisdom": 0.27811606330890754,
  "quant": 0.20307142857142854,
  "htf": 0.14602295399615645
}